ID,Name,Description,Parent,ReadOnly,Created,Updated
1	Node	node description new	false	2021-09-03 13:41:03.0	2021-09-03 13:41:04.0
2	Node 1	node description 1	true	2021-09-03 13:39:40.0	2021-09-03 13:39:40.0
3	Node 2	node description 2	true	2021-09-03 13:39:40.0	2021-09-03 13:39:40.0
4	Node 4	node description 4	true	2021-09-03 13:39:40.0	2021-09-03 13:39:40.0
5	Node 5	node description 5	true	2021-09-03 13:39:40.0	2021-09-03 13:39:40.0
6	Node 1	node description 1	true	2021-09-03 13:39:40.0	2021-09-03 13:39:40.0
7	Node 2	node description 2	true	2021-09-03 13:39:40.0	2021-09-03 13:39:40.0
8	Node 3	node description 3	true	2021-09-03 13:39:40.0	2021-09-03 13:39:40.0
9	Node 4	node description 4	true	2021-09-03 13:39:40.0	2021-09-03 13:39:40.0
10	Node 5	node description 5	true	2021-09-03 13:39:40.0	2021-09-03 13:39:40.0
11	Node 6	node description 6	true	2021-09-03 13:39:40.0	2021-09-03 13:39:40.0
12	Node 7	node description 7	true	2021-09-03 13:39:40.0	2021-09-03 13:39:40.0
13	Node 8	node description 8	true	2021-09-03 13:39:40.0	2021-09-03 13:39:40.0
14	Node 9	node description 9	true	2021-09-03 13:39:40.0	2021-09-03 13:39:40.0
15	Node 10	node description 10	true	2021-09-03 13:39:40.0	2021-09-03 13:39:40.0
16	Node 11	node description 11	true	2021-09-03 13:39:40.0	2021-09-03 13:39:40.0
17	Node 12	node description 12	true	2021-09-03 13:39:40.0	2021-09-03 13:39:40.0
18	Node 13	node description 13	true	2021-09-03 13:39:41.0	2021-09-03 13:39:41.0
19	Node 14	node description 14	true	2021-09-03 13:39:41.0	2021-09-03 13:39:41.0
20	Node 15	node description 15	true	2021-09-03 13:39:41.0	2021-09-03 13:39:41.0
21	Node 16	node description 16	true	2021-09-03 13:39:41.0	2021-09-03 13:39:41.0
22	Node 17	node description 17	true	2021-09-03 13:39:41.0	2021-09-03 13:39:41.0
23	Node 18	node description 18	true	2021-09-03 13:39:41.0	2021-09-03 13:39:41.0
24	Node 19	node description 19	true	2021-09-03 13:39:41.0	2021-09-03 13:39:41.0
25	Node 20	node description 20	true	2021-09-03 13:39:41.0	2021-09-03 13:39:41.0
26	Node 21	node description 21	true	2021-09-03 13:39:41.0	2021-09-03 13:39:41.0
27	Node 22	node description 22	true	2021-09-03 13:39:41.0	2021-09-03 13:39:41.0
28	Node 23	node description 23	true	2021-09-03 13:39:41.0	2021-09-03 13:39:41.0
29	Node 24	node description 24	true	2021-09-03 13:39:41.0	2021-09-03 13:39:41.0
30	Node 25	node description 25	true	2021-09-03 13:39:41.0	2021-09-03 13:39:41.0
31	new latest node	new latest node desc	true	2021-09-03 13:41:30.0	2021-09-03 13:41:30.0
